"Country","URL"
"Afghanistan","/travel/destinations/traveler/none/afghanistan"
"Albania","/travel/destinations/traveler/none/albania"
"Algeria","/travel/destinations/traveler/none/algeria"
"American Samoa","/travel/destinations/traveler/none/american-samoa"
"Andorra","/travel/destinations/traveler/none/andorra"
"Angola","/travel/destinations/traveler/none/angola"
"Anguilla (U.K.)","/travel/destinations/traveler/none/anguilla"
"Antarctica","/travel/destinations/traveler/none/antarctica"
"Antigua and Barbuda","/travel/destinations/traveler/none/antigua-and-barbuda"
"Argentina","/travel/destinations/traveler/none/argentina"
"Armenia","/travel/destinations/traveler/none/armenia"
"Aruba","/travel/destinations/traveler/none/aruba"
"Australia","/travel/destinations/traveler/none/australia"
"Austria","/travel/destinations/traveler/none/austria"
"Azerbaijan","/travel/destinations/traveler/none/azerbaijan"
"Azores","/travel/destinations/traveler/none/azores"
"Bahamas, The","/travel/destinations/traveler/none/the-bahamas"
"Bahrain","/travel/destinations/traveler/none/bahrain"
"Bangladesh","/travel/destinations/traveler/none/bangladesh"
"Barbados","/travel/destinations/traveler/none/barbados"
"Belarus","/travel/destinations/traveler/none/belarus"
"Belgium","/travel/destinations/traveler/none/belgium"
"Belize","/travel/destinations/traveler/none/belize"
"Benin","/travel/destinations/traveler/none/benin"
"Bermuda (U.K.)","/travel/destinations/traveler/none/bermuda"
"Bhutan","/travel/destinations/traveler/none/bhutan"
"Bolivia","/travel/destinations/traveler/none/bolivia"
"Bonaire","/travel/destinations/traveler/none/bonaire"
"Bosnia and Herzegovina","/travel/destinations/traveler/none/bosnia-and-herzegovina"
"Botswana","/travel/destinations/traveler/none/botswana"
"Brazil","/travel/destinations/traveler/none/brazil"
"British Indian Ocean Territory (U.K.)","/travel/destinations/traveler/none/british-indian-ocean-territory"
"Brunei","/travel/destinations/traveler/none/brunei"
"Bulgaria","/travel/destinations/traveler/none/bulgaria"
"Burkina Faso","/travel/destinations/traveler/none/burkina-faso"
"Burma (Myanmar)","/travel/destinations/traveler/none/burma"
"Burundi","/travel/destinations/traveler/none/burundi"
"Cambodia","/travel/destinations/traveler/none/cambodia"
"Cameroon","/travel/destinations/traveler/none/cameroon"
"Canada","/travel/destinations/traveler/none/canada"
"Canary Islands (Spain)","/travel/destinations/traveler/none/canary-islands"
"Cape Verde","/travel/destinations/traveler/none/cape-verde"
"Cayman Islands (U.K.)","/travel/destinations/traveler/none/cayman-islands"
"Central African Republic","/travel/destinations/traveler/none/central-african-republic"
"Chad","/travel/destinations/traveler/none/chad"
"Chile","/travel/destinations/traveler/none/chile"
"China","/travel/destinations/traveler/none/china"
"Christmas Island (Australia)","/travel/destinations/traveler/none/christmas-island"
"Cocos (Keeling) Islands (Australia)","/travel/destinations/traveler/none/cocos-islands"
"Colombia","/travel/destinations/traveler/none/colombia"
"Comoros","/travel/destinations/traveler/none/comoros"
"Congo, Republic of the","/travel/destinations/traveler/none/congo"
"Cook Islands (New Zealand)","/travel/destinations/traveler/none/cook-islands"
"Costa Rica","/travel/destinations/traveler/none/costa-rica"
"Croatia","/travel/destinations/traveler/none/croatia"
"Cuba","/travel/destinations/traveler/none/cuba"
"Cura?ao","/travel/destinations/traveler/none/curacao"
"Cyprus","/travel/destinations/traveler/none/cyprus"
"Czech Republic","/travel/destinations/traveler/none/czech-republic"
"C?te d'Ivoire","/travel/destinations/traveler/none/ivory-coast"
"Democratic Republic of the Congo","/travel/destinations/traveler/none/democratic-republic-of-congo"
"Denmark","/travel/destinations/traveler/none/denmark"
"Djibouti","/travel/destinations/traveler/none/djibouti"
"Dominica","/travel/destinations/traveler/none/dominica"
"Dominican Republic","/travel/destinations/traveler/none/dominican-republic"
"Easter Island (Chile)","/travel/destinations/traveler/none/easter-island"
"Ecuador","/travel/destinations/traveler/none/ecuador"
"Egypt","/travel/destinations/traveler/none/egypt"
"El Salvador","/travel/destinations/traveler/none/el-salvador"
"Equatorial Guinea","/travel/destinations/traveler/none/equatorial-guinea"
"Eritrea","/travel/destinations/traveler/none/eritrea"
"Estonia","/travel/destinations/traveler/none/estonia"
"Ethiopia","/travel/destinations/traveler/none/ethiopia"
"Falkland Islands (Islas Malvinas)","/travel/destinations/traveler/none/falkland-islands"
"Faroe Islands (Denmark)","/travel/destinations/traveler/none/faroe-island"
"Fiji","/travel/destinations/traveler/none/fiji"
"Finland","/travel/destinations/traveler/none/finland"
"France","/travel/destinations/traveler/none/france"
"French Guiana (France)","/travel/destinations/traveler/none/french-guiana"
"French Polynesia (France)","/travel/destinations/traveler/none/french-polynesia"
"Gabon","/travel/destinations/traveler/none/gabon"
"Gambia, The","/travel/destinations/traveler/none/the-gambia"
"Georgia","/travel/destinations/traveler/none/georgia"
"Germany","/travel/destinations/traveler/none/germany"
"Ghana","/travel/destinations/traveler/none/ghana"
"Gibraltar (U.K.)","/travel/destinations/traveler/none/gibraltar"
"Greece","/travel/destinations/traveler/none/greece"
"Greenland (Denmark)","/travel/destinations/traveler/none/greenland"
"Grenada","/travel/destinations/traveler/none/grenada"
"Guadeloupe","/travel/destinations/traveler/none/guadeloupe"
"Guam (U.S.)","/travel/destinations/traveler/none/guam"
"Guatemala","/travel/destinations/traveler/none/guatemala"
"Guinea","/travel/destinations/traveler/none/guinea"
"Guinea-Bissau","/travel/destinations/traveler/none/guinea-bissau"
"Guyana","/travel/destinations/traveler/none/guyana"
"Haiti","/travel/destinations/traveler/none/haiti"
"Honduras","/travel/destinations/traveler/none/honduras"
"Hong Kong SAR (China)","/travel/destinations/traveler/none/hong-kong-sar"
"Hungary","/travel/destinations/traveler/none/hungary"
"Iceland","/travel/destinations/traveler/none/iceland"
"India","/travel/destinations/traveler/none/india"
"Indonesia","/travel/destinations/traveler/none/indonesia"
"Iran","/travel/destinations/traveler/none/iran"
"Iraq","/travel/destinations/traveler/none/iraq"
"Ireland","/travel/destinations/traveler/none/ireland"
"Israel, including the West Bank and Gaza","/travel/destinations/traveler/none/israel"
"Italy","/travel/destinations/traveler/none/italy"
"Jamaica","/travel/destinations/traveler/none/jamaica"
"Japan","/travel/destinations/traveler/none/japan"
"Jordan","/travel/destinations/traveler/none/jordan"
"Kazakhstan","/travel/destinations/traveler/none/kazakhstan"
"Kenya","/travel/destinations/traveler/none/kenya"
"Kiribati","/travel/destinations/traveler/none/kiribati"
"Kosovo","/travel/destinations/traveler/none/kosovo"
"Kuwait","/travel/destinations/traveler/none/kuwait"
"Kyrgyzstan","/travel/destinations/traveler/none/kyrgyzstan"
"Laos","/travel/destinations/traveler/none/laos"
"Latvia","/travel/destinations/traveler/none/latvia"
"Lebanon","/travel/destinations/traveler/none/lebanon"
"Lesotho","/travel/destinations/traveler/none/lesotho"
"Liberia","/travel/destinations/traveler/none/liberia"
"Libya","/travel/destinations/traveler/none/libya"
"Liechtenstein","/travel/destinations/traveler/none/liechtenstein"
"Lithuania","/travel/destinations/traveler/none/lithuania"
"Luxembourg","/travel/destinations/traveler/none/luxembourg"
"Macau SAR (China)","/travel/destinations/traveler/none/macau-sar"
"Macedonia","/travel/destinations/traveler/none/macedonia"
"Madagascar","/travel/destinations/traveler/none/madagascar"
"Madeira Islands (Portugal)","/travel/destinations/traveler/none/maderia-islands"
"Malawi","/travel/destinations/traveler/none/malawi"
"Malaysia","/travel/destinations/traveler/none/malaysia"
"Maldives","/travel/destinations/traveler/none/maldives"
"Mali","/travel/destinations/traveler/none/mali"
"Malta","/travel/destinations/traveler/none/malta"
"Marshall Islands","/travel/destinations/traveler/none/marshall-islands"
"Martinique (France)","/travel/destinations/traveler/none/martinique"
"Mauritania","/travel/destinations/traveler/none/mauritania"
"Mauritius","/travel/destinations/traveler/none/mauritius"
"Mayotte (France)","/travel/destinations/traveler/none/mayotte"
"Mexico","/travel/destinations/traveler/none/mexico"
"Micronesia, Federated States of","/travel/destinations/traveler/none/micronesia"
"Moldova","/travel/destinations/traveler/none/moldova"
"Monaco","/travel/destinations/traveler/none/monaco"
"Mongolia","/travel/destinations/traveler/none/mongolia"
"Montenegro","/travel/destinations/traveler/none/montenegro"
"Montserrat (U.K.)","/travel/destinations/traveler/none/montserrat"
"Morocco","/travel/destinations/traveler/none/morocco"
"Mozambique","/travel/destinations/traveler/none/mozambique"
"Namibia","/travel/destinations/traveler/none/namibia"
"Nauru","/travel/destinations/traveler/none/nauru"
"Nepal","/travel/destinations/traveler/none/nepal"
"Netherlands, The","/travel/destinations/traveler/none/netherlands"
"New Caledonia (France)","/travel/destinations/traveler/none/new-caledonia"
"New Zealand","/travel/destinations/traveler/none/new-zealand"
"Nicaragua","/travel/destinations/traveler/none/nicaragua"
"Niger","/travel/destinations/traveler/none/niger"
"Nigeria","/travel/destinations/traveler/none/nigeria"
"Niue (New Zealand)","/travel/destinations/traveler/none/niue"
"Norfolk Island (Australia)","/travel/destinations/traveler/none/norfolk-island"
"North Korea","/travel/destinations/traveler/none/north-korea"
"Northern Mariana Islands (U.S.)","/travel/destinations/traveler/none/northern-mariana-islands"
"Norway","/travel/destinations/traveler/none/norway"
"Oman","/travel/destinations/traveler/none/oman"
"Pakistan","/travel/destinations/traveler/none/pakistan"
"Palau","/travel/destinations/traveler/none/palau"
"Panama","/travel/destinations/traveler/none/panama"
"Papua New Guinea","/travel/destinations/traveler/none/papua-new-guinea"
"Paraguay","/travel/destinations/traveler/none/paraguay"
"Peru","/travel/destinations/traveler/none/peru"
"Philippines","/travel/destinations/traveler/none/philippines"
"Pitcairn Islands (U.K.)","/travel/destinations/traveler/none/pitcairn-islands"
"Poland","/travel/destinations/traveler/none/poland"
"Portugal","/travel/destinations/traveler/none/portugal"
"Puerto Rico (U.S.)","/travel/destinations/traveler/none/puerto-rico"
"Qatar","/travel/destinations/traveler/none/qatar"
"Romania","/travel/destinations/traveler/none/romania"
"Russia","/travel/destinations/traveler/none/russia"
"Rwanda","/travel/destinations/traveler/none/rwanda"
"R?union (France)","/travel/destinations/traveler/none/reunion"
"Saba","/travel/destinations/traveler/none/saba"
"Saint Barthelemy","/travel/destinations/traveler/none/saint-barthelemy"
"Saint Helena (U.K.)","/travel/destinations/traveler/none/saint-helena"
"Saint Kitts and Nevis","/travel/destinations/traveler/none/st-kitts-and-nevis"
"Saint Lucia","/travel/destinations/traveler/none/saint-lucia"
"Saint Martin","/travel/destinations/traveler/none/saint-martin"
"Saint Pierre and Miquelon (France)","/travel/destinations/traveler/none/saint-pierre-and-miquelon"
"Saint Vincent and the Grenadines","/travel/destinations/traveler/none/saint-vincent-and-the-grenadines"
"Samoa","/travel/destinations/traveler/none/samoa"
"San Marino","/travel/destinations/traveler/none/san-marino"
"Saudi Arabia","/travel/destinations/traveler/none/saudi-arabia"
"Senegal","/travel/destinations/traveler/none/senegal"
"Serbia","/travel/destinations/traveler/none/serbia"
"Seychelles","/travel/destinations/traveler/none/seychelles"
"Sierra Leone","/travel/destinations/traveler/none/sierra-leone"
"Singapore","/travel/destinations/traveler/none/singapore"
"Sint Eustatius","/travel/destinations/traveler/none/sint-eustatius"
"Sint Maarten","/travel/destinations/traveler/none/sint-maarten"
"Slovakia","/travel/destinations/traveler/none/slovakia"
"Slovenia","/travel/destinations/traveler/none/slovenia"
"Solomon Islands","/travel/destinations/traveler/none/solomon-islands"
"Somalia","/travel/destinations/traveler/none/somalia"
"South Africa","/travel/destinations/traveler/none/south-africa"
"South Georgia and the South Sandwich Islands (U.K.)","/travel/destinations/traveler/none/south-georgia-south-sandwich-islands"
"South Korea","/travel/destinations/traveler/none/south-korea"
"South Sudan","/travel/destinations/traveler/none/south-sudan"
"Spain","/travel/destinations/traveler/none/spain"
"Sri Lanka","/travel/destinations/traveler/none/sri-lanka"
"Sudan","/travel/destinations/traveler/none/south-sudan"
"Suriname","/travel/destinations/traveler/none/suriname"
"Swaziland","/travel/destinations/traveler/none/swaziland"
"Sweden","/travel/destinations/traveler/none/sweden"
"Switzerland","/travel/destinations/traveler/none/switzerland"
"Syria","/travel/destinations/traveler/none/syria"
"Sao Tome and Principe","/travel/destinations/traveler/none/sao-tome-and-principe"
"Taiwan","/travel/destinations/traveler/none/taiwan"
"Tajikistan","/travel/destinations/traveler/none/tajikistan"
"Tanzania","/travel/destinations/traveler/none/tanzania"
"Thailand","/travel/destinations/traveler/none/thailand"
"Timor-Leste (East Timor)","/travel/destinations/traveler/none/east-timor"
"Togo","/travel/destinations/traveler/none/togo"
"Tokelau (New Zealand)","/travel/destinations/traveler/none/tokelau"
"Tonga","/travel/destinations/traveler/none/tonga"
"Trinidad and Tobago","/travel/destinations/traveler/none/trinidad-and-tobago"
"Tunisia","/travel/destinations/traveler/none/tunisia"
"Turkey","/travel/destinations/traveler/none/turkey"
"Turkmenistan","/travel/destinations/traveler/none/turkmenistan"
"Turks and Caicos Islands (U.K.)","/travel/destinations/traveler/none/turks-and-caicos"
"Tuvalu","/travel/destinations/traveler/none/tuvalu"
"Uganda","/travel/destinations/traveler/none/uganda"
"Ukraine","/travel/destinations/traveler/none/ukraine"
"United Arab Emirates","/travel/destinations/traveler/none/united-arab-emirates"
"United Kingdom","/travel/destinations/traveler/none/united-kingdom"
"United States","/travel/destinations/traveler/none/united-states"
"Uruguay","/travel/destinations/traveler/none/uruguay"
"Uzbekistan","/travel/destinations/traveler/none/uzbekistan"
"Vanuatu","/travel/destinations/traveler/none/vanuatu"
"Venezuela","/travel/destinations/traveler/none/venezuela"
"Vietnam","/travel/destinations/traveler/none/vietnam"
"Virgin Islands, British","/travel/destinations/traveler/none/british-virgin-islands"
"Virgin Islands, U.S.","/travel/destinations/traveler/none/usvirgin-islands"
"Wake Island","/travel/destinations/traveler/none/wake-island"
"Western Sahara","/travel/destinations/traveler/none/western-sahara"
"Yemen","/travel/destinations/traveler/none/yemen"
"Zambia","/travel/destinations/traveler/none/zambia"
"Zimbabwe","/travel/destinations/traveler/none/zimbabwe"
